{
  "countries": {
    "GB": 130.542704723127,
    "NL": 130.20238403041824,
    "DK": 128.8388333333333,
    "US": 130.16730369751636,
    "IT": 129.84746341463412,
    "NO": 132.67347656249999,
    "FR": 126.16821409028728,
    "RO": 133.33076923076922,
    "XE": 127.69612195121951,
    "DE": 131.34188087962957,
    "AU": 131.25044371257485,
    "LT": 124.0,
    "GR": 136.9333333333333,
    "CA": 133.9941587499999,
    "CL": 139.47142857142856,
    "XW": 134.8787601973684,
    "JP": 132.39119696969692,
    "HU": 129.76271186440675,
    "PT": 126.7804024390244,
    "MX": 134.04659166666664,
    "BR": 130.1824106463878,
    "FI": 133.0257655870445,
    "IL": 140.02287500000008,
    "AR": 133.84246590909092,
    "KR": 137.4665,
    "SE": 133.35994769230763,
    "ES": 129.13019157894735,
    "RE": 133.68571428571428,
    "BE": 127.09635036496351,
    "RU": 133.78461538461536,
    "AT": 137.080125,
    "MK": 131.3,
    "SI": 141.15,
    "PL": 137.07281645569617,
    "HR": 128.8535,
    "YU": 134.8228378378378,
    "CH": 138.53333333333333,
    "ZA": 134.76721311475413,
    "UY": 133.51700750000006,
    "IE": 141.6076923076923,
    "PH": 134.6
  },
  "min": 124.0,
  "max": 141.6076923076923
}
